{"cameraMode":{"drawMode":0,"name":"Shaded","section":"Shading Mode"},"sceneLighting":true,"audioPlay":false,"sceneViewState":{"m_AlwaysRefresh":false,"showFog":true,"showSkybox":true,"showFlares":true,"showImageEffects":true,"showParticleSystems":true,"showVisualEffectGraphs":true,"m_FxEnabled":true},"in2DMode":false,"pivot":{"x":-0.00492178276181221,"y":0.6699067950248718,"z":1.1244066953659058},"rotation":{"x":-0.05144606903195381,"y":0.5021365880966187,"z":-0.029941696673631669,"w":-0.8627415299415588},"size":1.4252235889434815,"orthographic":false}